,train_acc,train_loss
0,0.08,0.7995386326704303
1,0.07039999999999999,0.8273260135948657
2,0.11840000000000002,0.5979569049742876
3,0.07939999999999997,0.7548942401345509
4,0.11700000000000003,0.7261653400460879
5,0.14879999999999996,0.8581868574759897
6,0.16579999999999998,0.7859466294116445
7,0.11059999999999999,0.6563721533368032
8,0.15159999999999998,0.8290213083600004
9,0.09059999999999999,0.6586093946195777
