,train_acc,train_loss,test_loss
0,0.0961,22.271658420562744,0.04223958992958069
